policy,task,k,observed_serial_runtime_proxy_s,mean_observed_wall_per_generation_s,mean_pass_at_k,mean_majority_vote_k
ar_b1,gsm8k,1,28.46,28.46,0.725,0.725
ar_b1,gsm8k,2,56.91,28.46,0.82653,0.62008
ar_b1,gsm8k,4,113.83,28.46,0.89569,0.75821
ar_b1,gsm8k,8,227.65,28.46,0.94573,0.78703
ar_b1,gsm8k,16,455.3,28.46,0.9775,0.79929
ar_b1,gsm8k,32,910.61,28.46,0.99286,0.80398
ar_b1,gsm8k,64,1821.22,28.46,1.0,0.81
ar_b1,math500,1,34.77,34.77,0.36047,0.36047
ar_b1,math500,2,69.53,34.77,0.44231,0.27433
ar_b1,math500,4,139.06,34.77,0.51249,0.37001
ar_b1,math500,8,278.12,34.77,0.57482,0.40122
ar_b1,math500,16,556.25,34.77,0.63412,0.41762
ar_b1,math500,32,1112.49,34.77,0.69139,0.42749
ar_b1,math500,64,2224.99,34.77,0.75,0.45
ao_b8,gsm8k,1,28.95,28.95,0.72875,0.72875
ao_b8,gsm8k,2,57.89,28.95,0.80267,0.6537
ao_b8,gsm8k,4,115.79,28.95,0.86127,0.73438
ao_b8,gsm8k,8,231.58,28.95,0.91674,0.75074
ao_b8,gsm8k,16,463.16,28.95,0.95,0.75
ao_b8,math500,1,31.1,31.1,0.38875,0.38875
ao_b8,math500,2,62.19,31.1,0.456,0.31561
ao_b8,math500,4,124.39,31.1,0.51542,0.38549
ao_b8,math500,8,248.77,31.1,0.56928,0.41026
ao_b8,math500,16,497.55,31.1,0.61,0.42
ao_b16,gsm8k,1,28.97,28.97,0.73062,0.73062
ao_b16,gsm8k,2,57.94,28.97,0.80892,0.64828
ao_b16,gsm8k,4,115.88,28.97,0.8645,0.74476
ao_b16,gsm8k,8,231.76,28.97,0.90582,0.77016
ao_b16,gsm8k,16,463.52,28.97,0.93,0.78
ao_b16,math500,1,31.13,31.13,0.39375,0.39375
ao_b16,math500,2,62.25,31.13,0.45,0.32781
ao_b16,math500,4,124.5,31.13,0.4985,0.39574
ao_b16,math500,8,249.0,31.13,0.54579,0.41806
ao_b16,math500,16,498.0,31.13,0.59,0.44
ao_b32,gsm8k,1,40.8,40.8,0.73203,0.73203
ao_b32,gsm8k,2,81.6,40.8,0.7999,0.66126
ao_b32,gsm8k,4,163.21,40.8,0.85117,0.7321
ao_b32,gsm8k,8,326.41,40.8,0.89436,0.74919
ao_b32,gsm8k,16,652.83,40.8,0.92573,0.75496
ao_b32,gsm8k,32,1305.65,40.8,0.94542,0.75761
ao_b32,gsm8k,64,2611.31,40.8,0.96,0.75
ao_b32,math500,1,48.83,48.83,0.38547,0.38547
ao_b32,math500,2,97.66,48.83,0.44054,0.32417
ao_b32,math500,4,195.32,48.83,0.48731,0.38255
ao_b32,math500,8,390.63,48.83,0.53576,0.40255
ao_b32,math500,16,781.26,48.83,0.58816,0.41101
ao_b32,math500,32,1562.52,48.83,0.64455,0.41213
ao_b32,math500,64,3125.05,48.83,0.7,0.41
random_b32,gsm8k,1,29.02,29.02,0.64563,0.64563
random_b32,gsm8k,2,58.04,29.02,0.78325,0.50548
random_b32,gsm8k,4,116.08,29.02,0.87497,0.71334
random_b32,gsm8k,8,232.16,29.02,0.94625,0.76149
random_b32,gsm8k,16,464.33,29.02,0.99,0.79
random_b32,math500,1,31.18,31.18,0.28375,0.28375
random_b32,math500,2,62.37,31.18,0.38042,0.18193
random_b32,math500,4,124.73,31.18,0.46977,0.30285
random_b32,math500,8,249.46,31.18,0.55005,0.35263
random_b32,math500,16,498.93,31.18,0.62,0.37
ef_b32,gsm8k,1,34.82,34.82,0.49766,0.49766
ef_b32,gsm8k,2,69.64,34.82,0.67204,0.32174
ef_b32,gsm8k,4,139.29,34.82,0.79967,0.5945
ef_b32,gsm8k,8,278.57,34.82,0.88123,0.70394
ef_b32,gsm8k,16,557.14,34.82,0.93674,0.74586
ef_b32,gsm8k,32,1114.28,34.82,0.97323,0.76413
ef_b32,gsm8k,64,2228.57,34.82,0.99,0.77
ef_b32,math500,1,36.83,36.83,0.22187,0.22187
ef_b32,math500,2,73.66,36.83,0.31959,0.12057
ef_b32,math500,4,147.32,36.83,0.41803,0.23948
ef_b32,math500,8,294.64,36.83,0.51053,0.29718
ef_b32,math500,16,589.28,36.83,0.58831,0.33056
ef_b32,math500,32,1178.55,36.83,0.64611,0.35169
ef_b32,math500,64,2357.1,36.83,0.69,0.36
